{
  "model": "4-parameter logistic (Hill)",
  "direction": "up (EC50)",
  "ec50_ic50": 2.037062066697987,
  "ec50_ic50_95ci": [
    1.8592594539905452,
    2.2148646794054283
  ],
  "ec50_ic50_se": 0.09071561872828657,
  "hill_slope": 1.2406788083902742,
  "top": 99.99999999900001,
  "bottom": 9.999998642470743e-10,
  "r_squared": 0.9973071791644026,
  "rmse": 2.0828302456467664,
  "n_points": 24,
  "warnings": []
}