{
  "model": "4-parameter logistic (Hill)",
  "direction": "up (EC50)",
  "ec50_ic50": 7.877911827923957,
  "ec50_ic50_95ci": [
    6.896210447647841,
    8.859613208200074
  ],
  "ec50_ic50_se": 0.5008680511612836,
  "hill_slope": 1.0985559240380984,
  "top": 99.99999999900001,
  "bottom": -9.99999999998266e-10,
  "r_squared": 0.9966660280957456,
  "rmse": 2.0710440907700836,
  "n_points": 24,
  "warnings": []
}