{
  "n_wells": 32,
  "blank_mean": 0.0,
  "n_neg": 4,
  "n_pos": 4,
  "neg_mean": 99.375,
  "pos_mean": 1605.4,
  "neg_cv_percent": 3.520934246424329,
  "pos_cv_percent": 2.9938039564557037,
  "z_prime": 0.897289639034563,
  "signal_window_fold": 16.15496855345912,
  "verdict": "PASS",
  "notes": [],
  "outlier_wells": [],
  "normalization": "% of positive-control window"
}