{
  "n_wells": 32,
  "blank_mean": 0.0,
  "n_neg": 4,
  "n_pos": 4,
  "neg_mean": 100.95,
  "pos_mean": 1590.3500000000001,
  "neg_cv_percent": 3.807868262022849,
  "pos_cv_percent": 3.314006407380037,
  "z_prime": 0.8860984075930969,
  "signal_window_fold": 15.753838533927688,
  "verdict": "PASS",
  "notes": [],
  "outlier_wells": [],
  "normalization": "% of positive-control window"
}