{
  "n_wells": 32,
  "blank_mean": 0.0,
  "n_neg": 4,
  "n_pos": 4,
  "neg_mean": 94.95,
  "pos_mean": 1611.05,
  "neg_cv_percent": 13.128544007252117,
  "pos_cv_percent": 4.153597967660573,
  "z_prime": 0.84292178762704,
  "signal_window_fold": 16.967351237493418,
  "verdict": "PASS",
  "notes": [],
  "outlier_wells": [
    "C8",
    "D8",
    "E8"
  ],
  "normalization": "% of positive-control window"
}